keyword,url
state farm drone insurance,https://citizenbyte.com/state-farm-drone-insurance
mini drone,https://citizenbyte.com/mini-drone-article
fishing drone,https://citizenbyte.com/fishing-drone-revolutionizing-angling
fixed wing drone,https://citizenbyte.com/fixed-wing-drone-revolutionizing-businesses
go pro drone,https://citizenbyte.com/go-pro-drone-ultimate-aerial-photography
maverick drone,https://citizenbyte.com/maverick-drone-revolutionizing-aerial-photography
sharper image drone,https://citizenbyte.com/sharper-image-drone
sky viper drone,https://citizenbyte.com/sky-viper-drone
vivitar drone,https://citizenbyte.com/vivitar-follow-me-aerial-drone-2
