keyword,url,
renew life probiotics,https://mindfuelwave.com/renew-life-probiotics-benefits-2
good belly probiotics,https://mindfuelwave.com/good-belly-probiotics-benefits
uro probiotics,https://mindfuelwave.com/uro-probiotics-benefits-for-urinary-health
walmart probiotics,https://mindfuelwave.com/walmart-probiotics-offer-wide-range-options
florajen probiotics,https://mindfuelwave.com/benefits-of-florajen-probiotics
cvs probiotics,https://mindfuelwave.com/cvs-probiotics-benefits
culturelle probiotics baby,https://mindfuelwave.com/culturelle-probiotics-baby-digestive-calm-comfort-drops
biogaia probiotics,https://mindfuelwave.com/biogaia-probiotics-overview
liquid probiotics,https://mindfuelwave.com/liquid-probiotics-benefits
raw probiotics,https://mindfuelwave.com/raw-probiotics-benefits
klaire labs probiotics,https://mindfuelwave.com/klaire-labs-probiotics-comprehensive-review
probiotics multi enzyme,https://mindfuelwave.com/benefits-of-spring-valley-probiotics-multi-enzyme-supplement
uro vaginal probiotics,https://mindfuelwave.com/uro-vaginal-probiotics
vegan probiotics,https://mindfuelwave.com/vegan-probiotics-health-benefits
probiotics for women,https://mindfuelwave.com/probiotics-for-womens-health
probiotics soda,https://mindfuelwave.com/probiotic-soda-supports-digestion
vh essentials probiotics,https://mindfuelwave.com/vh-essentials-probiotics
