keyword,url,,
,,,
Texas Superfood,https://mindfuelwave.com/texas-superfood-nutritional-supplement,,
Grown American Superfood,https://mindfuelwave.com/grown-american-superfood-convenient-nutritious-option,,
Superfood Tabs,https://mindfuelwave.com/convenient-and-nutritious-superfood-tabs,,
Superfood Cleanser,https://mindfuelwave.com/superfood-cleanser-game-changer-skincare,,
Elemis Superfood,https://mindfuelwave.com/elemis-superfood-skincare-collection,,
Elemis Superfood Midnight Facial,https://mindfuelwave.com/elemis-superfood-midnight-facial,,
Noka Superfood Smoothie,https://mindfuelwave.com/noka-superfood-smoothie-convenient-nutritious-option,,
Garden of Life Green Superfood,https://mindfuelwave.com/garden-of-life-green-superfood-review,,
Amazing Grass Green Superfood Review,https://mindfuelwave.com/amazing-grass-green-superfood-review,,
Youth to the People Superfood Cleanser,https://mindfuelwave.com/youth-to-the-people-superfood-cleanser,,
Amazing Greens Superfood,https://mindfuelwave.com/amazing-greens-superfood-overview,,
Elemis Superfood Facial Oil,https://mindfuelwave.com/elemis-superfood-facial-oil-nourishes-skin,,
Superfood Town,https://mindfuelwave.com/superfood-town-articleComplete Superfood,https://mindfuelwave.com/superfood-supports-hawaiiComplete Superfood,https://mindfuelwave.com/happy-viking-complete-superfoodComplete Superfood,https://mindfuelwave.com/nutraone-complete-superfoods-review
Laird Superfood Stock,https://mindfuelwave.com/laird-superfood-stock
Dr. Schulze's Superfood,https://mindfuelwave.com/dr-schulzes-superfood
Boobie Superfood,https://mindfuelwave.com/boobie-superfood-article
Nektar Superfood,https://mindfuelwave.com/nektar-superfood-complete-internal-health
Briogeo Superfood Shampoo,https://mindfuelwave.com/briogeo-superfood-shampoo-review
Odwalla Superfood,https://mindfuelwave.com/odwalla-superfood-article
Bloom Greens and Superfood,https://mindfuelwave.com/bloom-greens-superfood-article
Kale Superfood Cleanser,https://mindfuelwave.com/kale-superfood-cleanser-benefits
Superfood Supermarket,https://mindfuelwave.com/superfood-supermarket-convenient-one-stop-shop
Superfood Coffee,https://mindfuelwave.com/superfood-coffee-benefits
Superfood Honey,https://mindfuelwave.com/superfood-honey-benefits-and-uses
Elemis Superfood Glow Priming Moisturizer,https://mindfuelwave.com/elemis-superfood-glow-priming-moisturizer
Awaken Superfood Chocolate,https://mindfuelwave.com/awaken-superfood-chocolate
Orgain Superfood Protein,https://mindfuelwave.com/orgain-superfood-protein
Complete Superfood,https://mindfuelwave.com/complete-superfood-nutritional-supplement
Happy Viking Superfood,https://mindfuelwave.com/happy-viking-superfood-boosts-mental-physical-performance
Superfood Complete Dog Food Reviews,https://mindfuelwave.com/superfood-complete-dog-food-reviews
