#,Keyword,Country,Difficulty,Volume,CPC,CPS,Parent Keyword,Last Update,SERP Features,Global volume,Traffic potential
,Texas Superfood,,,,,,,,,,
,Grown American Superfood,,,,,,,,,,
,Superfood Tabs,,,,,,,,,,
,Superfood Cleanser,,,,,,,,,,
,Elemis Superfood,,,,,,,,,,
,Elemis Superfood Midnight Facial,,,,,,,,,,
,Noka Superfood Smoothie,,,,,,,,,,
,Garden of Life Green Superfood,,,,,,,,,,
,Amazing Grass Green Superfood Review,,,,,,,,,,
,Youth to the People Superfood Cleanser,,,,,,,,,,
,Amazing Greens Superfood,,,,,,,,,,
,Elemis Superfood Facial Oil,,,,,,,,,,
,Superfood Town,,,,,,,,,,
,Complete Superfood,,,,,,,,,,
,Laird Superfood Stock,,,,,,,,,,
,Dr. Schulze's Superfood,,,,,,,,,,
,Boobie Superfood,,,,,,,,,,
,Nektar Superfood,,,,,,,,,,
,Briogeo Superfood Shampoo,,,,,,,,,,
,Odwalla Superfood,,,,,,,,,,
,Bloom Greens and Superfood,,,,,,,,,,
,Odwalla Superfood,,,,,,,,,,
,Kale Superfood Cleanser,,,,,,,,,,
,Superfood Supermarket,,,,,,,,,,
,Superfood Coffee,,,,,,,,,,
,Superfood Honey,,,,,,,,,,
,Elemis Superfood Glow Priming Moisturizer,,,,,,,,,,
,Awaken Superfood Chocolate,,,,,,,,,,
,Orgain Superfood Protein,,,,,,,,,,
,Happy Viking Superfood,,,,,,,,,,
,Superfood Complete Dog Food Reviews,,,,,,,,,,
,Superfood Aruba,,,,,,,,,,
,Superfood Recipes,,,,,,,,,,
,Superfood Tabs Reviews,,,,,,,,,,
,Organic Superfood Powder,,,,,,,,,,
,Superfood and Brew,,,,,,,,,,
,Amazing Grass Green Blend Superfood,,,,,,,,,,
,Amazing Grass Protein Superfood,,,,,,,,,,
,Dr. Schultz Superfood,,,,,,,,,,
,Badlands Ranch Superfood Complete Review,,,,,,,,,,
,Superfood Bowl,,,,,,,,,,
,Be Well Superfood Greens,,,,,,,,,,
,Laird Superfood Creamer Costco,,,,,,,,,,
,Briogeo Superfood Mask,,,,,,,,,,
,Laird Superfood Creamer Review,,,,,,,,,,
,Badlands Ranch Superfood Complete Dog Food Review,,,,,,,,,,
,Superfood Blend,,,,,,,,,,
,Youth to the People Superfood Antioxidant Cleanser,,,,,,,,,,
,,,,,,,,,,,
,,,,,,,,,,,
,,,,,,,,,,,
,,,,,,,,,,,
,,,,,,,,,,,
,,,,,,,,,,,
,,,,,,,,,,,
,,,,,,,,,,,
,,,,,,,,,,,
,,,,,,,,,,,
,,,,,,,,,,,
,,,,,,,,,,,